{
    "test_Recall@10": 0.09824467129697087,
    "test_MRR@10": 0.0463109404174269,
    "test_NDCG@10": 0.05847874752471209,
    "test_Recall@5": 0.07151173322875078,
    "test_MRR@5": 0.04279135527383164,
    "test_NDCG@5": 0.049882531003266194
}