{
    "test_Recall@10": 0.7467665076255798,
    "test_MRR@10": 0.35201358795166016,
    "test_NDCG@10": 0.44450217485427856,
    "test_Recall@5": 0.5435670614242554,
    "test_MRR@5": 0.3252609074115753,
    "test_NDCG@5": 0.3791615664958954
}