{
    "test_Recall@20": 0.21082285115303984,
    "test_MRR@20": 0.07445512671000178,
    "test_NDCG@20": 0.10465814915546207,
    "test_Recall@10": 0.16004979241819,
    "test_MRR@10": 0.07091530368309976,
    "test_NDCG@10": 0.09179785691857713,
    "test_Recall@5": 0.11340409359529584,
    "test_MRR@5": 0.06473838173993228,
    "test_NDCG@5": 0.07676309011720386,
    "test_Recall@1": 0.03871855317991797,
    "test_MRR@1": 0.03871855317991797,
    "test_NDCG@1": 0.03871855317991797
}