{
    "test_loss": -1.0,
    "test_Recall@20": 1.0,
    "test_MRR@20": 0.353164404630661,
    "test_NDCG@20": 0.4964269697666168,
    "test_Recall@10": 0.7591671943664551,
    "test_MRR@10": 0.336373895406723,
    "test_NDCG@10": 0.4354265034198761,
    "test_Recall@5": 0.5379117727279663,
    "test_MRR@5": 0.30707478523254395,
    "test_NDCG@5": 0.3641118109226227,
    "test_Recall@1": 0.18365444242954254,
    "test_MRR@1": 0.18365444242954254,
    "test_NDCG@1": 0.18365444242954254,
    "test_runtime": 414.2268,
    "test_samples_per_second": 7.769,
    "test_steps_per_second": 0.973
}